{
  "controller/View1-dbg.controller.js": 1721130396271,
  "controller/App.controller.js": 1721130396271,
  "model/models.js": 1721130396271,
  "controller/View1.controller.js": 1721130396271,
  "manifest.json": 1721131379181,
  "Component.js": 1721130396271,
  "Component-preload.js": 1721131379516,
  "i18n/i18n.properties": 1721130396271,
  "model/models-dbg.js": 1721130396271,
  "controller/App-dbg.controller.js": 1721130396271,
  "Component-dbg.js": 1721130396271,
  "view/View1.view.xml": 1721130396271,
  "view/App.view.xml": 1721130396271,
  "css/style.css": 1721130396271,
  "index.html": 1721130396271
}