{
  "Fragments/ascAndDscSort.fragment.xml": 1721130396279,
  "util/Formatter.js": 1721130396279,
  "manifest.json": 1721131358522,
  "model/models.js": 1721130396279,
  "controller/View1.controller.js": 1721130396279,
  "controller/App.controller.js": 1721130396279,
  "Component.js": 1721130396279,
  "Component-preload.js": 1721131359296,
  "Component-dbg.js": 1721130396279,
  "util/Formatter-dbg.js": 1721130396279,
  "controller/View1-dbg.controller.js": 1721130396279,
  "controller/App-dbg.controller.js": 1721130396279,
  "model/models-dbg.js": 1721130396279,
  "view/View1.view.xml": 1721130396279,
  "view/App.view.xml": 1721130396279,
  "css/style.css": 1721130396279,
  "Fragments/time.fragment.xml": 1721130396279,
  "Fragments/shipdate.fragment.xml": 1721130396279,
  "Fragments/sarrdate.fragment.xml": 1721130396279,
  "Fragments/material.fragment.xml": 1721130396279,
  "Fragments/jdasource.fragment.xml": 1721130396279,
  "Fragments/counter.fragment.xml": 1721130396279,
  "i18n/i18n.properties": 1721130396279,
  "index.html": 1721130396279
}